store_code,product_id,quantity,price,product_name,brand,image_url,collection,product_url,gender,frame_material,frame_type,frame_size,frame_shape,frame_color,classification_name,stock_in_date,rr_30_days,rr_7_days,coco_qty,fofo_qty,keywords
LKST377,151049,1,2000,Matte Black Full Rim Wayfarer Vincent Chase ATHLEISURE VC S14457 C3 Polarized Sunglasses,Vincent Chase,https://static5.lenskart.com/media/catalog/product/pro/1/thumbnail/1080x1080/9df78eab33525d08d6e5fb8d27136e95//v/i/Vincent-Chase-VC-S14457-C3-Sunglasses_G_7067.jpg,ATHLEISURE,http://www.lenskart.com/vincent-chase-vc-s14457-c3-sunglasses.html,Unisex,Polycarbonate,Full Rim,Wide,Wayfarer,Matte Black,sunglasses,2022-02-12,0.26667,0.28571,966,0,"[,"",V,i,n,c,e,n,t, ,C,h,a,s,e,"",,,"",A,T,H,L,E,I,S,U,R,E,"",,,"",U,n,i,s,e,x,"",,,"",P,o,l,y,c,a,r,b,o,n,a,t,e,"",,,"",F,u,l,l, ,R,i,m,"",,,"",W,i,d,e,"",,,"",W,a,y,f,a,r,e,r,"",,,"",M,a,t,t,e, ,B,l,a,c,k,"",,,"",s,u,n,g,l,a,s,s,e,s,"",]"
LKST377,211411,1,1700,Dark Gunmetal Full Rim Aviator Vincent Chase SLEEK STEEL VC E15170-C2 Eyeglasses,Vincent Chase,https://static5.lenskart.com/media/catalog/product/pro/1/thumbnail/1080x1080/9df78eab33525d08d6e5fb8d27136e95//v/i/vincent-chase-vc-e15170-c2-eyeglasses_211411_1_(1)_31_10_2023.jpg,SLEEK STEEL,http://www.lenskart.com/vincent-chase-vc-e15170-c2-eyeglasses.html,Unisex,Stainless Steel,Full Rim,Wide,Aviator,Dark Gunmetal,eyeframe,0000-00-00,0.23333,0.00000,318,0,"[,"",V,i,n,c,e,n,t, ,C,h,a,s,e,"",,,"",S,L,E,E,K, ,S,T,E,E,L,"",,,"",U,n,i,s,e,x,"",,,"",S,t,a,i,n,l,e,s,s, ,S,t,e,e,l,"",,,"",F,u,l,l, ,R,i,m,"",,,"",W,i,d,e,"",,,"",A,v,i,a,t,o,r,"",,,"",D,a,r,k, ,G,u,n,m,e,t,a,l,"",,,"",e,y,e,f,r,a,m,e,"",]"
LKST377,134745,2,1700,Black Gold Full Rim Rectangle Vincent Chase SLEEK STEEL VC E12395 C1 Eyeglasses,Vincent Chase,https://static5.lenskart.com/media/catalog/product/pro/1/thumbnail/1080x1080/9df78eab33525d08d6e5fb8d27136e95//v/i/vincent-chase-vc-e12395-c1-eyeglasses_g_7517.jpg,SLEEK STEEL,http://www.lenskart.com/vincent-chase-vc-e12395-c1-eyeglasses.html,Unisex,Stainless Steel,Full Rim,Wide,Rectangle,Black,eyeframe,2019-09-22,0.20000,0.14286,0,0,"[,"",V,i,n,c,e,n,t, ,C,h,a,s,e,"",,,"",S,L,E,E,K, ,S,T,E,E,L,"",,,"",U,n,i,s,e,x,"",,,"",S,t,a,i,n,l,e,s,s, ,S,t,e,e,l,"",,,"",F,u,l,l, ,R,i,m,"",,,"",W,i,d,e,"",,,"",R,e,c,t,a,n,g,l,e,"",,,"",B,l,a,c,k,"",,,"",e,y,e,f,r,a,m,e,"",]"
LKST377,134756,1,1700,Black Gold Full Rim Cat Eye Vincent Chase SLEEK STEEL VC E12400 C2 Eyeglasses,Vincent Chase,https://static5.lenskart.com/media/catalog/product/pro/1/thumbnail/1080x1080/9df78eab33525d08d6e5fb8d27136e95//v/i/vincent-chase-vc-e12400-c2-eyeglasses_eyeglasses_s_G_2861.jpg,SLEEK STEEL,http://www.lenskart.com/black-golden-full-rim-cat-eye-medium-size-53-vincent-chase-online-steel-escobar-vc-e12400-c2-eyeglasses.html,Women,Stainless Steel,Full Rim,Wide,Cat Eye,Black,eyeframe,2019-09-16,0.20000,0.14286,0,0,"[,"",V,i,n,c,e,n,t, ,C,h,a,s,e,"",,,"",S,L,E,E,K, ,S,T,E,E,L,"",,,"",W,o,m,e,n,"",,,"",S,t,a,i,n,l,e,s,s, ,S,t,e,e,l,"",,,"",F,u,l,l, ,R,i,m,"",,,"",W,i,d,e,"",,,"",C,a,t, ,E,y,e,"",,,"",B,l,a,c,k,"",,,"",e,y,e,f,r,a,m,e,"",]"
LKST377,147041,2,2000,Gunmetal Black Full Rim Aviator Vincent Chase The Metal Edit VC S13835-C1 Polarized Sunglasses,Vincent Chase Polarized,https://static5.lenskart.com/media/catalog/product/pro/1/thumbnail/1080x1080/9df78eab33525d08d6e5fb8d27136e95//v/i/gunmetal-black-full-rim-aviator-vincent-chase-the-metal-edit-vc-s13835-c1-polarized-sunglasses_vincent-chose-vc-s13835-frll-rum-c1-sunglasses_sunglasses_g_8140_28july23.jpg,The Metal Edit,http://www.lenskart.com/vincent-chase-vincent-chase-vc-s13835-full-rim-c1-sunglasses.html,Unisex,Stainless Steel,Full Rim,Wide,Aviator,Gunmetal,sunglasses,2021-02-19,0.20000,0.28571,448,0,"[,"",V,i,n,c,e,n,t, ,C,h,a,s,e, ,P,o,l,a,r,i,z,e,d,"",,,"",T,h,e, ,M,e,t,a,l, ,E,d,i,t,"",,,"",U,n,i,s,e,x,"",,,"",S,t,a,i,n,l,e,s,s, ,S,t,e,e,l,"",,,"",F,u,l,l, ,R,i,m,"",,,"",W,i,d,e,"",,,"",A,v,i,a,t,o,r,"",,,"",G,u,n,m,e,t,a,l,"",,,"",s,u,n,g,l,a,s,s,e,s,"",]"
LKST377,148024,1,2000,Gunmetal Black Full Rim Rectangle Square Vincent Chase The Metal Edit VC S13969-C2 Polarized Sunglasses,Vincent Chase Polarized,https://static5.lenskart.com/media/catalog/product/pro/1/thumbnail/1080x1080/9df78eab33525d08d6e5fb8d27136e95//v/i/vincent-chase-vc-s13969-c2-sunglasses_sunglasses_sunglasses_g_6302q.jpg,The Metal Edit,http://www.lenskart.com/vincent-chase-vc-s13969-c2-sunglasses.html,Unisex,Stainless Steel,Full Rim,Extra Wide,Rectangle/ Square,Gunmetal,sunglasses,2021-06-02,0.20000,0.28571,1114,0,"[,"",V,i,n,c,e,n,t, ,C,h,a,s,e, ,P,o,l,a,r,i,z,e,d,"",,,"",T,h,e, ,M,e,t,a,l, ,E,d,i,t,"",,,"",U,n,i,s,e,x,"",,,"",S,t,a,i,n,l,e,s,s, ,S,t,e,e,l,"",,,"",F,u,l,l, ,R,i,m,"",,,"",E,x,t,r,a, ,W,i,d,e,"",,,"",R,e,c,t,a,n,g,l,e,/, ,S,q,u,a,r,e,"",,,"",G,u,n,m,e,t,a,l,"",,,"",s,u,n,g,l,a,s,s,e,s,"",]"
LKST377,201630,1,1700,Brown Transparent Silver Full Rim Geometric Vincent Chase Blend Edit VC E14977-C2 Eyeglasses,Vincent Chase,https://static5.lenskart.com/media/catalog/product/pro/1/thumbnail/1080x1080/9df78eab33525d08d6e5fb8d27136e95//v/i/brown-transparent-silver-full-rim-geometric-vincent-chase-blend-edit-vc-e14977-c2-eyeglasses_g_3501_10_14_22.jpg,Blend Edit,http://www.lenskart.com/vincent-chase-vc-e14977-c2-eyeglasses.html,Unisex,Cellulose Acetate,Full Rim,Narrow,Geometric,Brown Transparent,eyeframe,0000-00-00,0.20000,0.28571,882,0,"[,"",V,i,n,c,e,n,t, ,C,h,a,s,e,"",,,"",B,l,e,n,d, ,E,d,i,t,"",,,"",U,n,i,s,e,x,"",,,"",C,e,l,l,u,l,o,s,e, ,A,c,e,t,a,t,e,"",,,"",F,u,l,l, ,R,i,m,"",,,"",N,a,r,r,o,w,"",,,"",G,e,o,m,e,t,r,i,c,"",,,"",B,r,o,w,n, ,T,r,a,n,s,p,a,r,e,n,t,"",,,"",e,y,e,f,r,a,m,e,"",]"
LKST377,207671,1,3000,Peyush Bansal Shark Tank Dark Night Full Rim Wayfarer,Lenskart Hustlr,https://static5.lenskart.com/media/catalog/product/pro/1/thumbnail/1080x1080/9df78eab33525d08d6e5fb8d27136e95//l/i/dark-night-full-rim-square-lenskart-air-lenskart-hustlr-la-e15417-c10-eyeglasses_g_5249_07_18_23.jpg,Air Essentials,http://www.lenskart.com/lenskart-hustlr-la-e15417-c10-eyeglasses.html,Unisex,TR90,Full Rim,Medium,Wayfarer,Dark Night,eyeframe,0000-00-00,0.20000,0.14286,0,0,"[,"",L,e,n,s,k,a,r,t, ,H,u,s,t,l,r,"",,,"",A,i,r, ,E,s,s,e,n,t,i,a,l,s,"",,,"",U,n,i,s,e,x,"",,,"",T,R,9,0,"",,,"",F,u,l,l, ,R,i,m,"",,,"",M,e,d,i,u,m,"",,,"",W,a,y,f,a,r,e,r,"",,,"",D,a,r,k, ,N,i,g,h,t,"",,,"",e,y,e,f,r,a,m,e,"",]"
LKST377,131518,1,1700,Purple Transparent  Full Rim Cat Eye Vincent Chase HD Acetate VC E11803-C2 Eyeglasses,Vincent Chase,https://static5.lenskart.com/media/catalog/product/pro/1/thumbnail/1080x1080/9df78eab33525d08d6e5fb8d27136e95//v/i/vincent-chase-vc-e11803-c2-eyeglasses_vincent-chase-vc-e11803-c2-eyeglasses_vincent-chase-vc-e11803-c2-eyeglasses_g_0469.jpg,HD Acetate,http://www.lenskart.com/vincent-chase-vc-e11803-c2-eyeglasses.html,Women,High Density Acetate,Full Rim,Narrow,Cat Eye,Purple Transparent,eyeframe,2019-03-04,0.16667,0.00000,1055,0,"[,"",V,i,n,c,e,n,t, ,C,h,a,s,e,"",,,"",H,D, ,A,c,e,t,a,t,e,"",,,"",W,o,m,e,n,"",,,"",H,i,g,h, ,D,e,n,s,i,t,y, ,A,c,e,t,a,t,e,"",,,"",F,u,l,l, ,R,i,m,"",,,"",N,a,r,r,o,w,"",,,"",C,a,t, ,E,y,e,"",,,"",P,u,r,p,l,e, ,T,r,a,n,s,p,a,r,e,n,t,"",,,"",e,y,e,f,r,a,m,e,"",]"
LKST377,142996,3,2000,Gold Purple Half Rim Cat Eye Vincent Chase SLEEK STEEL VC E13393 - C1 Eyeglasses,Vincent Chase,https://static5.lenskart.com/media/catalog/product/pro/1/thumbnail/1080x1080/9df78eab33525d08d6e5fb8d27136e95//v/i/vincent-chase-vc-e13393-c1-eyeglasses_vincent-chase-vc-e13393-c1-eyeglasses_vincent-chase-vc-e13393-c1-eyeglasses_g_9657.jpg,SLEEK STEEL,http://www.lenskart.com/vincent-chase-vc-e13393-c1-eyeglasses.html,Women,Stainless Steel,Half Rim,Narrow,Cat Eye,Golden Purple,eyeframe,2020-09-22,0.16667,0.14286,0,0,"[,"",V,i,n,c,e,n,t, ,C,h,a,s,e,"",,,"",S,L,E,E,K, ,S,T,E,E,L,"",,,"",W,o,m,e,n,"",,,"",S,t,a,i,n,l,e,s,s, ,S,t,e,e,l,"",,,"",H,a,l,f, ,R,i,m,"",,,"",N,a,r,r,o,w,"",,,"",C,a,t, ,E,y,e,"",,,"",G,o,l,d,e,n, ,P,u,r,p,l,e,"",,,"",e,y,e,f,r,a,m,e,"",]"
LKST377,143224,1,1700,Grey Transparent Metal Black Full Rim Rectangle Vincent Chase Blend Edit VC E13445-C2 Eyeglasses,Vincent Chase,https://static5.lenskart.com/media/catalog/product/pro/1/thumbnail/1080x1080/9df78eab33525d08d6e5fb8d27136e95//v/i/vincent-chase-vc-e13445-fm-recgle-act-meal-sen-c2-eyegl0sses_vincent-chase-vc-e13445-fm-recgle-act-meal-sen-c2-eyegl0sses_eyegl0sses_g_1010_2.jpg,Blend Edit,http://www.lenskart.com/vincent-chase-vincent-chase-vc-e13445-full-rim-rectangle-acetate-metal-sheen-c2-eyeglasses.html,Unisex,Cellulose Acetate,Full Rim,Narrow,Rectangle,Grey Transparent,eyeframe,2020-09-30,0.16667,0.28571,1156,0,"[,"",V,i,n,c,e,n,t, ,C,h,a,s,e,"",,,"",B,l,e,n,d, ,E,d,i,t,"",,,"",U,n,i,s,e,x,"",,,"",C,e,l,l,u,l,o,s,e, ,A,c,e,t,a,t,e,"",,,"",F,u,l,l, ,R,i,m,"",,,"",N,a,r,r,o,w,"",,,"",R,e,c,t,a,n,g,l,e,"",,,"",G,r,e,y, ,T,r,a,n,s,p,a,r,e,n,t,"",,,"",e,y,e,f,r,a,m,e,"",]"
LKST377,151705,1,1700,Grey Transparent Gray Full Rim Square Lenskart Air fusion LA E14573-C3 Eyeglasses,Lenskart Air,https://static5.lenskart.com/media/catalog/product/pro/1/thumbnail/1080x1080/9df78eab33525d08d6e5fb8d27136e95//l/i/grey-transparent-gray-full-rim-rectangle-lenskart-air-signia-la-e14573-c3-eyeglasses_g_2477_09-july.jpg,Air Fusion,http://www.lenskart.com/lenskart-air-la-e14573-c3-eyeglasses.html,Unisex,TR90,Full Rim,Medium,Square,Grey Transparent,eyeframe,2022-06-05,0.16667,0.28571,788,0,"[,"",L,e,n,s,k,a,r,t, ,A,i,r,"",,,"",A,i,r, ,F,u,s,i,o,n,"",,,"",U,n,i,s,e,x,"",,,"",T,R,9,0,"",,,"",F,u,l,l, ,R,i,m,"",,,"",M,e,d,i,u,m,"",,,"",S,q,u,a,r,e,"",,,"",G,r,e,y, ,T,r,a,n,s,p,a,r,e,n,t,"",,,"",e,y,e,f,r,a,m,e,"",]"
LKST377,204832,3,2000,Black Grey Full Rim Wayfarer Vincent Chase Style Cast PC VC S11113-L1 Polarized Sunglasses,Vincent Chase Polarized,https://static5.lenskart.com/media/catalog/product/pro/1/thumbnail/1080x1080/9df78eab33525d08d6e5fb8d27136e95//v/i/black-grey-full-rim-wayfarer-vincent-chase-mirage-vc-s11113-l1-polarized-sunglasses_g_5172_03_08_2022.jpg,Style Cast (PC),http://www.lenskart.com/vincent-chase-vc-s11113-l1-sunglasses.html,Unisex,Polycarbonate,Full Rim,Wide,Wayfarer,Black,sunglasses,2022-07-16,0.16667,0.28571,1632,0,"[,"",V,i,n,c,e,n,t, ,C,h,a,s,e, ,P,o,l,a,r,i,z,e,d,"",,,"",S,t,y,l,e, ,C,a,s,t, ,(,P,C,),"",,,"",U,n,i,s,e,x,"",,,"",P,o,l,y,c,a,r,b,o,n,a,t,e,"",,,"",F,u,l,l, ,R,i,m,"",,,"",W,i,d,e,"",,,"",W,a,y,f,a,r,e,r,"",,,"",B,l,a,c,k,"",,,"",s,u,n,g,l,a,s,s,e,s,"",]"
LKST377,206745,2,2000,Silver Grey Full Rim Round Vincent Chase Polarized MET EFFECT VC S15398-C2 Sunglasses,Vincent Chase Polarized,https://static5.lenskart.com/media/catalog/product/pro/1/thumbnail/1080x1080/9df78eab33525d08d6e5fb8d27136e95//v/i/silver-grey-full-rim-round-vincent-chase-polarized-met-effect-vc-s15398-c2-sunglasses_g_0998_02_02_23.jpg,MET EFFECT,http://www.lenskart.com/vincent-chase-vc-s15398-c2-sunglasses.html,Unisex,Stainless Steel,Full Rim,Medium,Round,Silver,sunglasses,0000-00-00,0.16667,0.14286,0,0,"[,"",V,i,n,c,e,n,t, ,C,h,a,s,e, ,P,o,l,a,r,i,z,e,d,"",,,"",M,E,T, ,E,F,F,E,C,T,"",,,"",U,n,i,s,e,x,"",,,"",S,t,a,i,n,l,e,s,s, ,S,t,e,e,l,"",,,"",F,u,l,l, ,R,i,m,"",,,"",M,e,d,i,u,m,"",,,"",R,o,u,n,d,"",,,"",S,i,l,v,e,r,"",,,"",s,u,n,g,l,a,s,s,e,s,"",]"
LKST377,211962,1,1700,Black Full Rim Rectangle Lenskart Air Flex LA E14835-C4 Eyeglasses,Lenskart Air,https://static5.lenskart.com/media/catalog/product/pro/1/thumbnail/1080x1080/9df78eab33525d08d6e5fb8d27136e95//l/i/lenskart-air-la-e14835-c4-eyeglasses_img_2188_17_11_2023.jpg,Air Flex,http://www.lenskart.com/lenskart-air-la-e14835-c4-eyeglasses.html,Unisex,Ultem,Full Rim,Medium,Rectangle,Black,eyeframe,0000-00-00,0.16667,0.00000,460,0,"[,"",L,e,n,s,k,a,r,t, ,A,i,r,"",,,"",A,i,r, ,F,l,e,x,"",,,"",U,n,i,s,e,x,"",,,"",U,l,t,e,m,"",,,"",F,u,l,l, ,R,i,m,"",,,"",M,e,d,i,u,m,"",,,"",R,e,c,t,a,n,g,l,e,"",,,"",B,l,a,c,k,"",,,"",e,y,e,f,r,a,m,e,"",]"
LKST377,115411,1,3500,Black Full Rim Rectangle John Jacobs Rich Acetate JJ E10119-C1 Eyeglasses-Camden,John Jacobs,https://static5.lenskart.com/media/catalog/product/pro/1/thumbnail/1080x1080/9df78eab33525d08d6e5fb8d27136e95//j/o/john-jacobs-jj-e10119-c1-eyeglasses_G_1494.jpg,Rich Acetate,http://www.lenskart.com/black-full-rim-rectangle-medium-size-52-john-jacobs-bond-street-jj-e10119-c1-eyeglasses.html,Unisex,Italian Acetate,Full Rim,Wide,Rectangle,Black,eyeframe,2018-01-24,0.13333,0.00000,0,0,"[,"",J,o,h,n, ,J,a,c,o,b,s,"",,,"",R,i,c,h, ,A,c,e,t,a,t,e,"",,,"",U,n,i,s,e,x,"",,,"",I,t,a,l,i,a,n, ,A,c,e,t,a,t,e,"",,,"",F,u,l,l, ,R,i,m,"",,,"",W,i,d,e,"",,,"",R,e,c,t,a,n,g,l,e,"",,,"",B,l,a,c,k,"",,,"",e,y,e,f,r,a,m,e,"",]"
LKST377,122263,2,2000,Brown Green Full Rim Clubmaster Vincent Chase Polarized Blend Edit VC S10681 P-C5 Sunglasses,Vincent Chase Polarized,https://static5.lenskart.com/media/catalog/product/pro/1/thumbnail/1080x1080/9df78eab33525d08d6e5fb8d27136e95//v/i/vincent-chase-vc-s10681-c5-sunglasses_sunglasses_sunglasses_m_7956_3_1_1_1_1_1.jpg,Blend Edit,http://www.lenskart.com/brown-green-full-rim-clubmaster-small-size-53-vincent-chase-polarized-popstar-vc-s10681-p-c5-sunglasses.html,Unisex,Stainless Steel,Full Rim,Extra Wide,Clubmaster,Brown Transparent Gunmetal,sunglasses,2018-01-24,0.13333,0.14286,1068,0,"[,"",V,i,n,c,e,n,t, ,C,h,a,s,e, ,P,o,l,a,r,i,z,e,d,"",,,"",B,l,e,n,d, ,E,d,i,t,"",,,"",U,n,i,s,e,x,"",,,"",S,t,a,i,n,l,e,s,s, ,S,t,e,e,l,"",,,"",F,u,l,l, ,R,i,m,"",,,"",E,x,t,r,a, ,W,i,d,e,"",,,"",C,l,u,b,m,a,s,t,e,r,"",,,"",B,r,o,w,n, ,T,r,a,n,s,p,a,r,e,n,t, ,G,u,n,m,e,t,a,l,"",,,"",s,u,n,g,l,a,s,s,e,s,"",]"
LKST377,123007,1,5000,Gold Brown Rimless Rectangle John Jacobs Pro Titanium JJ E10640 -C3 Eyeglasses-Thomas,John Jacobs,https://static5.lenskart.com/media/catalog/product/pro/1/thumbnail/1080x1080/9df78eab33525d08d6e5fb8d27136e95//j/o/john-jacobs-jj-e10640-golden-black-c3-eyeglasses_john-jacobs-jj-e10640-golden-black-c3-eyeglasses_1.jpg,Pro Titanium,http://www.lenskart.com/golden-rimless-rectangle-medium-size-52-john-jacobs-titanium-jj-e10640-c3-eyeglasses-123156.html,Unisex,Titanium,Rimless,Extra Narrow,Rectangle,Gold,eyeframe,2018-01-24,0.13333,0.28571,0,0,"[,"",J,o,h,n, ,J,a,c,o,b,s,"",,,"",P,r,o, ,T,i,t,a,n,i,u,m,"",,,"",U,n,i,s,e,x,"",,,"",T,i,t,a,n,i,u,m,"",,,"",R,i,m,l,e,s,s,"",,,"",E,x,t,r,a, ,N,a,r,r,o,w,"",,,"",R,e,c,t,a,n,g,l,e,"",,,"",G,o,l,d,"",,,"",e,y,e,f,r,a,m,e,"",]"
LKST377,135933,2,2000,Blue Half Rim Cat Eye Vincent Chase SLEEK STEEL VC E11860-C4 Eyeglasses,Vincent Chase,https://static5.lenskart.com/media/catalog/product/pro/1/thumbnail/1080x1080/9df78eab33525d08d6e5fb8d27136e95//v/i/vincent-chase-vc-e12666-c2-eyeglasses_G_2140_1.jpg,SLEEK STEEL,http://www.lenskart.com/vincent-chase-vc-e12666-c2-eyeglasses.html,Women,Stainless Steel,Half Rim,Medium,Cat Eye,Blue,eyeframe,2020-01-24,0.13333,0.00000,0,0,"[,"",V,i,n,c,e,n,t, ,C,h,a,s,e,"",,,"",S,L,E,E,K, ,S,T,E,E,L,"",,,"",W,o,m,e,n,"",,,"",S,t,a,i,n,l,e,s,s, ,S,t,e,e,l,"",,,"",H,a,l,f, ,R,i,m,"",,,"",M,e,d,i,u,m,"",,,"",C,a,t, ,E,y,e,"",,,"",B,l,u,e,"",,,"",e,y,e,f,r,a,m,e,"",]"
LKST377,139760,1,5000,Grey Blue Solid Full Rim Wayfarer John Jacobs JJ Tints JJ S13227 - C1 Sunglasses,John Jacobs,https://static5.lenskart.com/media/catalog/product/pro/1/thumbnail/1080x1080/9df78eab33525d08d6e5fb8d27136e95//j/o/john-jacobs-jj-s13227-c1-sunglasses_sunglasses_g_0436_1_1.jpg,JJ TINTS,http://www.lenskart.com/john-jacobs-jj-s13227-c1-sunglasses.html,Unisex,Italian Acetate,Full Rim,Medium,Wayfarer,Grey,sunglasses,2020-09-27,0.13333,0.14286,718,0,"[,"",J,o,h,n, ,J,a,c,o,b,s,"",,,"",J,J, ,T,I,N,T,S,"",,,"",U,n,i,s,e,x,"",,,"",I,t,a,l,i,a,n, ,A,c,e,t,a,t,e,"",,,"",F,u,l,l, ,R,i,m,"",,,"",M,e,d,i,u,m,"",,,"",W,a,y,f,a,r,e,r,"",,,"",G,r,e,y,"",,,"",s,u,n,g,l,a,s,s,e,s,"",]"
LKST377,146024,1,1700,Transparent Gold Full Rim Square Lenskart Air Air Essentials LA E13520 C3 Eyeglasses,Lenskart Air,https://static5.lenskart.com/media/catalog/product/pro/1/thumbnail/1080x1080/9df78eab33525d08d6e5fb8d27136e95//l/e/lenskart-air-la-e13520-c3-eyeglasses_g_3944_1_1.jpg,Air Essentials,http://www.lenskart.com/lenskart-air-la-e13520-c3-eyeglasses.html,Unisex,TR90,Full Rim,Wide,Square,Transparent,eyeframe,2021-01-30,0.13333,0.00000,450,0,"[,"",L,e,n,s,k,a,r,t, ,A,i,r,"",,,"",A,i,r, ,E,s,s,e,n,t,i,a,l,s,"",,,"",U,n,i,s,e,x,"",,,"",T,R,9,0,"",,,"",F,u,l,l, ,R,i,m,"",,,"",W,i,d,e,"",,,"",S,q,u,a,r,e,"",,,"",T,r,a,n,s,p,a,r,e,n,t,"",,,"",e,y,e,f,r,a,m,e,"",]"
LKST377,146615,1,1700,Purple Silver Purple Transparent Full Rim Round Vincent Chase SLEEK STEEL VC E13784-C1 Eyeglasses,Vincent Chase,https://static5.lenskart.com/media/catalog/product/pro/1/thumbnail/1080x1080/9df78eab33525d08d6e5fb8d27136e95//v/i/vincent-chase-vc-e13784-c1-eyeglasses_g_3016.jpg,SLEEK STEEL,http://www.lenskart.com/vincent-chase-vc-e13784-c1-eyeglasses.html,Unisex,Stainless Steel,Full Rim,Medium,Round,Purple Silver,eyeframe,2021-05-16,0.13333,0.28571,912,0,"[,"",V,i,n,c,e,n,t, ,C,h,a,s,e,"",,,"",S,L,E,E,K, ,S,T,E,E,L,"",,,"",U,n,i,s,e,x,"",,,"",S,t,a,i,n,l,e,s,s, ,S,t,e,e,l,"",,,"",F,u,l,l, ,R,i,m,"",,,"",M,e,d,i,u,m,"",,,"",R,o,u,n,d,"",,,"",P,u,r,p,l,e, ,S,i,l,v,e,r,"",,,"",e,y,e,f,r,a,m,e,"",]"
LKST377,146992,2,2000,Matte Black Full Rim Wayfarer Vincent Chase Style Cast PC VC S13820-C3 Polarized Sunglasses,Vincent Chase Polarized,https://static5.lenskart.com/media/catalog/product/pro/1/thumbnail/1080x1080/9df78eab33525d08d6e5fb8d27136e95//v/i/matte-black-full-rim-wayfarer-vincent-chase-style-cast-pc-vc-s13820-c3-polarized-sunglasses_vincent-chase-vc-s13820-c3-suglasses_suglasses_g_6195_5july23.jpg,Style Cast (PC),http://www.lenskart.com/vincent-chase-vc-s13820-c3-suglasses.html,Unisex,Polycarbonate,Full Rim,Wide,Wayfarer,Matte Black,sunglasses,2021-03-11,0.13333,0.28571,1758,0,"[,"",V,i,n,c,e,n,t, ,C,h,a,s,e, ,P,o,l,a,r,i,z,e,d,"",,,"",S,t,y,l,e, ,C,a,s,t, ,(,P,C,),"",,,"",U,n,i,s,e,x,"",,,"",P,o,l,y,c,a,r,b,o,n,a,t,e,"",,,"",F,u,l,l, ,R,i,m,"",,,"",W,i,d,e,"",,,"",W,a,y,f,a,r,e,r,"",,,"",M,a,t,t,e, ,B,l,a,c,k,"",,,"",s,u,n,g,l,a,s,s,e,s,"",]"
LKST377,148332,2,1700,Black Gold Square Full Rim Lenskart Air fusion LA E14017-C3 Eyeglasses,Lenskart Air,https://static5.lenskart.com/media/catalog/product/pro/1/thumbnail/1080x1080/9df78eab33525d08d6e5fb8d27136e95//l/i/black-gold-square-full-rim-lenskart-air-fusion-la-e14017-c3-eyeglasses_lenskart-air-la-e14017-c3-eyeglasses_g_5042_05_july23.jpg,Air Fusion,http://www.lenskart.com/lenskart-air-la-e14017-c3-eyeglasses.html,Unisex,TR90,Full Rim,Wide,Square,Black,eyeframe,2021-10-05,0.13333,0.14286,1061,0,"[,"",L,e,n,s,k,a,r,t, ,A,i,r,"",,,"",A,i,r, ,F,u,s,i,o,n,"",,,"",U,n,i,s,e,x,"",,,"",T,R,9,0,"",,,"",F,u,l,l, ,R,i,m,"",,,"",W,i,d,e,"",,,"",S,q,u,a,r,e,"",,,"",B,l,a,c,k,"",,,"",e,y,e,f,r,a,m,e,"",]"
LKST377,148597,1,3500,Blue Transparent Full Rim Rectangle John Jacobs Rich Acetate JJ E14055-C2 Eyeglasses,John Jacobs,https://static5.lenskart.com/media/catalog/product/pro/1/thumbnail/1080x1080/9df78eab33525d08d6e5fb8d27136e95//j/o/john-jacobs-jj-e14055-c2-eyeglasses_G_8336.jpg,Rich Acetate,http://www.lenskart.com/john-jacobs-jj-e14055-c2-eyeglasses.html,Unisex,Italian Acetate,Full Rim,Narrow,Rectangle,Blue Transparent,eyeframe,2021-08-14,0.13333,0.00000,282,0,"[,"",J,o,h,n, ,J,a,c,o,b,s,"",,,"",R,i,c,h, ,A,c,e,t,a,t,e,"",,,"",U,n,i,s,e,x,"",,,"",I,t,a,l,i,a,n, ,A,c,e,t,a,t,e,"",,,"",F,u,l,l, ,R,i,m,"",,,"",N,a,r,r,o,w,"",,,"",R,e,c,t,a,n,g,l,e,"",,,"",B,l,u,e, ,T,r,a,n,s,p,a,r,e,n,t,"",,,"",e,y,e,f,r,a,m,e,"",]"
LKST377,152846,2,2000,Gold Black Grey Gradient Full Rim Cat Eye Vincent Chase Polarized Blend Edit VC S11759-C3 Sunglasses,Vincent Chase Polarized,https://static5.lenskart.com/media/catalog/product/pro/1/thumbnail/1080x1080/9df78eab33525d08d6e5fb8d27136e95//v/i/gold-black-grey-gradient-full-rim-cat-eye-vincent-chase-polarized-vintage-vc-s11759-c3-sunglasses_g_4991_6_07_22.jpg,Blend Edit,http://www.lenskart.com/vincent-chase-vc-s11759-c3-sunglasses.html,Unisex,Polycarbonate,Full Rim,Wide,Cat Eye,Gold Black,sunglasses,2022-05-30,0.13333,0.28571,0,0,"[,"",V,i,n,c,e,n,t, ,C,h,a,s,e, ,P,o,l,a,r,i,z,e,d,"",,,"",B,l,e,n,d, ,E,d,i,t,"",,,"",U,n,i,s,e,x,"",,,"",P,o,l,y,c,a,r,b,o,n,a,t,e,"",,,"",F,u,l,l, ,R,i,m,"",,,"",W,i,d,e,"",,,"",C,a,t, ,E,y,e,"",,,"",G,o,l,d, ,B,l,a,c,k,"",,,"",s,u,n,g,l,a,s,s,e,s,"",]"
LKST377,204183,1,1700,Transparent Full Rim Round Lenskart Air Essentials LA E15018-C3 Eyeglasses,Lenskart Air,https://static5.lenskart.com/media/catalog/product/pro/1/thumbnail/1080x1080/9df78eab33525d08d6e5fb8d27136e95//l/i/transparent-full-rim-round-lenskart-air-classic-la-e15018-c3-eyeglasses_g_8624_09_09_2022.jpg,Air Essentials,http://www.lenskart.com/lenskart-air-la-e15018-c3-eyeglasses.html,Unisex,TR90,Full Rim,Narrow,Round,Transparent,eyeframe,0000-00-00,0.13333,0.14286,883,0,"[,"",L,e,n,s,k,a,r,t, ,A,i,r,"",,,"",A,i,r, ,E,s,s,e,n,t,i,a,l,s,"",,,"",U,n,i,s,e,x,"",,,"",T,R,9,0,"",,,"",F,u,l,l, ,R,i,m,"",,,"",N,a,r,r,o,w,"",,,"",R,o,u,n,d,"",,,"",T,r,a,n,s,p,a,r,e,n,t,"",,,"",e,y,e,f,r,a,m,e,"",]"
LKST377,204844,3,2000,Black Grey Full Rim Wayfarer Vincent Chase Polarized Style Cast PC VC S13973-L1 Sunglasses,Vincent Chase Polarized,https://static5.lenskart.com/media/catalog/product/pro/1/thumbnail/1080x1080/9df78eab33525d08d6e5fb8d27136e95//v/i/black-grey-full-rim-wayfarer-vincent-chase-polarized-mirage-vc-s13973-l1-sunglasses_g_3131_9_july.jpg,Style Cast (PC),http://www.lenskart.com/vincent-chase-vc-s13973-l1-sunglasses.html,Unisex,Polycarbonate,Full Rim,Wide,Wayfarer,Black,sunglasses,2022-06-19,0.13333,0.00000,666,0,"[,"",V,i,n,c,e,n,t, ,C,h,a,s,e, ,P,o,l,a,r,i,z,e,d,"",,,"",S,t,y,l,e, ,C,a,s,t, ,(,P,C,),"",,,"",U,n,i,s,e,x,"",,,"",P,o,l,y,c,a,r,b,o,n,a,t,e,"",,,"",F,u,l,l, ,R,i,m,"",,,"",W,i,d,e,"",,,"",W,a,y,f,a,r,e,r,"",,,"",B,l,a,c,k,"",,,"",s,u,n,g,l,a,s,s,e,s,"",]"
LKST377,206825,2,3000,Peyush Bansal Shark Tank Midnight Blue Full Rim Wayfarer,Lenskart Hustlr,https://static5.lenskart.com/media/catalog/product/pro/1/thumbnail/1080x1080/9df78eab33525d08d6e5fb8d27136e95//l/i/peyush-bansal-shark-tank-midnight-blue-full-rim-hustlr-eyeglasses_csvfile-1672655995317-midnight-blue-full-rim-hustlr-eyeglasses_blue-full-rim-round-lenskart-air-classic-la-e15417-c3-eyeglasses_g_7844_24_12_2022_28_12_2022.jpg,Air Essentials,http://www.lenskart.com/lenskart-hustlr-la-e15417-c3-eyeglasses.html,Unisex,TR90,Full Rim,Medium,Wayfarer,Midnight Blue,eyeframe,0000-00-00,0.13333,0.14286,0,0,"[,"",L,e,n,s,k,a,r,t, ,H,u,s,t,l,r,"",,,"",A,i,r, ,E,s,s,e,n,t,i,a,l,s,"",,,"",U,n,i,s,e,x,"",,,"",T,R,9,0,"",,,"",F,u,l,l, ,R,i,m,"",,,"",M,e,d,i,u,m,"",,,"",W,a,y,f,a,r,e,r,"",,,"",M,i,d,n,i,g,h,t, ,B,l,u,e,"",,,"",e,y,e,f,r,a,m,e,"",]"
LKST377,208951,1,3000,Peyush Bansal Shark Tank Navy Full Rim Wayfarer,Lenskart Hustlr,https://static5.lenskart.com/media/catalog/product/pro/1/thumbnail/1080x1080/9df78eab33525d08d6e5fb8d27136e95//l/i/lenskart-air-essentials-la-e15417-c15-eyeglasses_g_0785_27_05_2023.jpg,Air Essentials,http://www.lenskart.com/lenskart-hustlr-la-e15417-c15-eyeglasses.html,Unisex,TR90,Full Rim,Medium,Wayfarer,Navy,eyeframe,0000-00-00,0.13333,0.28571,647,0,"[,"",L,e,n,s,k,a,r,t, ,H,u,s,t,l,r,"",,,"",A,i,r, ,E,s,s,e,n,t,i,a,l,s,"",,,"",U,n,i,s,e,x,"",,,"",T,R,9,0,"",,,"",F,u,l,l, ,R,i,m,"",,,"",M,e,d,i,u,m,"",,,"",W,a,y,f,a,r,e,r,"",,,"",N,a,v,y,"",,,"",e,y,e,f,r,a,m,e,"",]"
LKST377,208956,1,3000,Peyush Bansal Shark Tank Greystone Full Rim Wayfarer,Lenskart Hustlr,https://static5.lenskart.com/media/catalog/product/pro/1/thumbnail/1080x1080/9df78eab33525d08d6e5fb8d27136e95//l/i/dark-grey-full-rim-hustlr-lenskart-air-classic-la-e15417-c20-eyeglasses_csvfile-1675942623807-g_3294.jpg,Air Essentials,http://www.lenskart.com/lenskart-hustlr-la-e15417-c20-eyeglasses.html,Unisex,TR90,Full Rim,Medium,Wayfarer,Greystone,eyeframe,0000-00-00,0.13333,0.14286,0,0,"[,"",L,e,n,s,k,a,r,t, ,H,u,s,t,l,r,"",,,"",A,i,r, ,E,s,s,e,n,t,i,a,l,s,"",,,"",U,n,i,s,e,x,"",,,"",T,R,9,0,"",,,"",F,u,l,l, ,R,i,m,"",,,"",M,e,d,i,u,m,"",,,"",W,a,y,f,a,r,e,r,"",,,"",G,r,e,y,s,t,o,n,e,"",,,"",e,y,e,f,r,a,m,e,"",]"
LKST377,211294,1,1700,Grey Transparent Full Rim Round Lenskart Air Essentials LA E14360-N-C1 Eyeglasses,Lenskart Air,https://static5.lenskart.com/media/catalog/product/pro/1/thumbnail/1080x1080/9df78eab33525d08d6e5fb8d27136e95//l/i/grey-transparent-full-rim-round-lenskart-air-essentials-la-e14360-n-c1-eyeglasses_csvfile-1699433626617-img_3727.jpg,Air Essentials,http://www.lenskart.com/lenskart-air-la-e14360/n-c1-eyeglasses.html,Unisex,TR90,Full Rim,Narrow,Round,Grey Transparent,eyeframe,0000-00-00,0.13333,0.00000,508,0,"[,"",L,e,n,s,k,a,r,t, ,A,i,r,"",,,"",A,i,r, ,E,s,s,e,n,t,i,a,l,s,"",,,"",U,n,i,s,e,x,"",,,"",T,R,9,0,"",,,"",F,u,l,l, ,R,i,m,"",,,"",N,a,r,r,o,w,"",,,"",R,o,u,n,d,"",,,"",G,r,e,y, ,T,r,a,n,s,p,a,r,e,n,t,"",,,"",e,y,e,f,r,a,m,e,"",]"
LKST377,212816,1,3000,Peyush Bansal Shark Tank Blue Sky Full Rim Wayfarer,Lenskart Hustlr,https://static5.lenskart.com/media/catalog/product/pro/1/thumbnail/1080x1080/9df78eab33525d08d6e5fb8d27136e95//l/i/blue-sky-full-rim-square-lenskart-air-essentials-la-e15417-c22-eyeglasses_csvfile-1694180656356-g_1162.jpg,Air Essentials,http://www.lenskart.com/lenskart-hustlr-la-e15417-xw-c22-eyeglasses.html,Unisex,TR90,Full Rim,Extra Wide,Wayfarer,Blue Sky,eyeframe,0000-00-00,0.13333,0.00000,873,0,"[,"",L,e,n,s,k,a,r,t, ,H,u,s,t,l,r,"",,,"",A,i,r, ,E,s,s,e,n,t,i,a,l,s,"",,,"",U,n,i,s,e,x,"",,,"",T,R,9,0,"",,,"",F,u,l,l, ,R,i,m,"",,,"",E,x,t,r,a, ,W,i,d,e,"",,,"",W,a,y,f,a,r,e,r,"",,,"",B,l,u,e, ,S,k,y,"",,,"",e,y,e,f,r,a,m,e,"",]"
LKST377,130811,3,2000,Gunmetal Tortoise Brown Full Rim Round Vincent Chase Polarized Blend Edit VC S11164-C5 Polarized Sunglasses,Vincent Chase Polarized,https://static5.lenskart.com/media/catalog/product/pro/1/thumbnail/1080x1080/9df78eab33525d08d6e5fb8d27136e95//v/i/vincent-chase-polarized-vc-s11164-c5-sunglasses_sunglasses_g_1634_1_1.jpg,Blend Edit,http://www.lenskart.com/vincent-chase-polarized-vc-s11164-c5-sunglasses.html,Unisex,Polycarbonate,Full Rim,Narrow,Round,Gunmetal Tortoise,sunglasses,2018-12-17,0.10000,0.00000,1810,0,"[,"",V,i,n,c,e,n,t, ,C,h,a,s,e, ,P,o,l,a,r,i,z,e,d,"",,,"",B,l,e,n,d, ,E,d,i,t,"",,,"",U,n,i,s,e,x,"",,,"",P,o,l,y,c,a,r,b,o,n,a,t,e,"",,,"",F,u,l,l, ,R,i,m,"",,,"",N,a,r,r,o,w,"",,,"",R,o,u,n,d,"",,,"",G,u,n,m,e,t,a,l, ,T,o,r,t,o,i,s,e,"",,,"",s,u,n,g,l,a,s,s,e,s,"",]"
LKST377,137153,1,5000,Grey Gunmetal Grey Full Rim Square John Jacobs JJ TINTS JJ S12961 -C1 Sunglasses-Portishead,John Jacobs,https://static5.lenskart.com/media/catalog/product/pro/1/thumbnail/1080x1080/9df78eab33525d08d6e5fb8d27136e95//j/o/john-jacobs-jj-s12961-c1-sunglasses_sunglasses_g_3498_2.jpg,JJ TINTS,http://www.lenskart.com/john-jacobs-jj-s12961-c1-sunglasses.html,Unisex,Stainless Steel,Full Rim,Wide,Square,Gunmetal Grey,sunglasses,2020-02-06,0.10000,0.00000,686,0,"[,"",J,o,h,n, ,J,a,c,o,b,s,"",,,"",J,J, ,T,I,N,T,S,"",,,"",U,n,i,s,e,x,"",,,"",S,t,a,i,n,l,e,s,s, ,S,t,e,e,l,"",,,"",F,u,l,l, ,R,i,m,"",,,"",W,i,d,e,"",,,"",S,q,u,a,r,e,"",,,"",G,u,n,m,e,t,a,l, ,G,r,e,y,"",,,"",s,u,n,g,l,a,s,s,e,s,"",]"
LKST377,137794,1,3500,Blue Black Tortoise Full Rim Rectangle John Jacobs Rich Acetate JJ E13003 -C1 Eyeglasses-Cameron,John Jacobs,https://static5.lenskart.com/media/catalog/product/pro/1/thumbnail/1080x1080/9df78eab33525d08d6e5fb8d27136e95//j/o/john-jacobs-jj-e13003-c1-eyeglasses_john-jacobs-jj-e13003-c1-eyeglasses_G_7005.jpg,Rich Acetate,http://www.lenskart.com/john-jacobs-jj-e13003-c1-eyeglasses.html,Unisex,Italian Acetate,Full Rim,Medium,Rectangle,Blue Black Tortoise,eyeframe,2020-07-07,0.10000,0.00000,0,0,"[,"",J,o,h,n, ,J,a,c,o,b,s,"",,,"",R,i,c,h, ,A,c,e,t,a,t,e,"",,,"",U,n,i,s,e,x,"",,,"",I,t,a,l,i,a,n, ,A,c,e,t,a,t,e,"",,,"",F,u,l,l, ,R,i,m,"",,,"",M,e,d,i,u,m,"",,,"",R,e,c,t,a,n,g,l,e,"",,,"",B,l,u,e, ,B,l,a,c,k, ,T,o,r,t,o,i,s,e,"",,,"",e,y,e,f,r,a,m,e,"",]"
LKST377,137935,1,1700,Purple Brown Full Rim Cat Eye Vincent Chase Classic Acetate VC E13029-C2 Eyeglasses,Vincent Chase,https://static5.lenskart.com/media/catalog/product/pro/1/thumbnail/1080x1080/9df78eab33525d08d6e5fb8d27136e95//v/i/vincent-chase-vc-e13029-c2-eyeglasses_vincent-chase-vc-e13029-c2-eyeglasses_g_6199.jpg,Classic Acetate,http://www.lenskart.com/vincent-chase-vc-e13029-c2-eyeglasses.html,Women,Cellulose Acetate,Full Rim,Medium,Cat Eye,Purple Brown,eyeframe,2020-11-17,0.10000,0.14286,982,0,"[,"",V,i,n,c,e,n,t, ,C,h,a,s,e,"",,,"",C,l,a,s,s,i,c, ,A,c,e,t,a,t,e,"",,,"",W,o,m,e,n,"",,,"",C,e,l,l,u,l,o,s,e, ,A,c,e,t,a,t,e,"",,,"",F,u,l,l, ,R,i,m,"",,,"",M,e,d,i,u,m,"",,,"",C,a,t, ,E,y,e,"",,,"",P,u,r,p,l,e, ,B,r,o,w,n,"",,,"",e,y,e,f,r,a,m,e,"",]"
LKST377,138006,1,1700,Matte Blue Black Full Rim Cat Eye Vincent Chase SLEEK STEEL VC E13048-C1 Eyeglasses,Vincent Chase,https://static5.lenskart.com/media/catalog/product/pro/1/thumbnail/1080x1080/9df78eab33525d08d6e5fb8d27136e95//v/i/vincent-chase-vc-e13048-c1-eyeglasses_vincent-chase-vc-e13048-c1-eyeglasses_g_1543.jpg,SLEEK STEEL,http://www.lenskart.com/vincent-chase-vc-e13048-c1-eyeglasses.html,Women,Stainless Steel,Full Rim,Extra Narrow,Cat Eye,Blue,eyeframe,2020-06-24,0.10000,0.00000,856,0,"[,"",V,i,n,c,e,n,t, ,C,h,a,s,e,"",,,"",S,L,E,E,K, ,S,T,E,E,L,"",,,"",W,o,m,e,n,"",,,"",S,t,a,i,n,l,e,s,s, ,S,t,e,e,l,"",,,"",F,u,l,l, ,R,i,m,"",,,"",E,x,t,r,a, ,N,a,r,r,o,w,"",,,"",C,a,t, ,E,y,e,"",,,"",B,l,u,e,"",,,"",e,y,e,f,r,a,m,e,"",]"
LKST377,138049,1,1700,Matte Black Red Full Rim Rectangle Lenskart Air Essentials LA E13063-C1 Eyeglasses,Lenskart Air,https://static5.lenskart.com/media/catalog/product/pro/1/thumbnail/1080x1080/9df78eab33525d08d6e5fb8d27136e95//l/i/blue-block-phone--computer-glasses:-matte-black-red-full-rim-rectangle-lenskart-air-essentials-la-e13063-c1_lenskart-air-la-e13063-c1-eyeglasses_eyeglasses_g_1740_2_05_july23.jpg,Air Essentials,http://www.lenskart.com/lenskart-air-la-e13063-c1-eyeglasses.html,Unisex,TR90,Full Rim,Extra Wide,Rectangle,Matte Black,eyeframe,2020-06-23,0.10000,0.00000,0,0,"[,"",L,e,n,s,k,a,r,t, ,A,i,r,"",,,"",A,i,r, ,E,s,s,e,n,t,i,a,l,s,"",,,"",U,n,i,s,e,x,"",,,"",T,R,9,0,"",,,"",F,u,l,l, ,R,i,m,"",,,"",E,x,t,r,a, ,W,i,d,e,"",,,"",R,e,c,t,a,n,g,l,e,"",,,"",M,a,t,t,e, ,B,l,a,c,k,"",,,"",e,y,e,f,r,a,m,e,"",]"
LKST377,138531,1,2000,Gold Black Grey Gradient Full Rim Rectangle Square Vincent Chase Polarized Blend Edit VC S11748-C4 Polarized Sunglasses,Vincent Chase Polarized,https://static5.lenskart.com/media/catalog/product/pro/1/thumbnail/1080x1080/9df78eab33525d08d6e5fb8d27136e95//v/i/vincent-chase-vc-s11748-c4-sunglasses_sunglasses_G_1261.jpg,Blend Edit,http://www.lenskart.com/vincent-chase-vc-s11748-c4-sunglasses.html,Unisex,Polycarbonate,Full Rim,Wide,Rectangle/ Square,Golden,sunglasses,2020-07-30,0.10000,0.00000,996,0,"[,"",V,i,n,c,e,n,t, ,C,h,a,s,e, ,P,o,l,a,r,i,z,e,d,"",,,"",B,l,e,n,d, ,E,d,i,t,"",,,"",U,n,i,s,e,x,"",,,"",P,o,l,y,c,a,r,b,o,n,a,t,e,"",,,"",F,u,l,l, ,R,i,m,"",,,"",W,i,d,e,"",,,"",R,e,c,t,a,n,g,l,e,/, ,S,q,u,a,r,e,"",,,"",G,o,l,d,e,n,"",,,"",s,u,n,g,l,a,s,s,e,s,"",]"
LKST377,143006,2,2000,Matte Black Grey Transparent Half Rim Rectangle Vincent Chase SLEEK STEEL VC E13396 - C1 Eyeglasses,Vincent Chase,https://static5.lenskart.com/media/catalog/product/pro/1/thumbnail/1080x1080/9df78eab33525d08d6e5fb8d27136e95//v/i/vincent-chase-vc-e13396-c1-eyeglasses_vincent-chase-vc-e13396-c1-eyeglasses_vincent-chase-vc-e13396-c1-eyeglasses_g_9585.jpg,SLEEK STEEL,http://www.lenskart.com/vincent-chase-vc-e13396-c1-eyeglasses.html,Unisex,Stainless Steel,Half Rim,Narrow,Rectangle,Matte Black,eyeframe,2020-09-24,0.10000,0.00000,0,0,"[,"",V,i,n,c,e,n,t, ,C,h,a,s,e,"",,,"",S,L,E,E,K, ,S,T,E,E,L,"",,,"",U,n,i,s,e,x,"",,,"",S,t,a,i,n,l,e,s,s, ,S,t,e,e,l,"",,,"",H,a,l,f, ,R,i,m,"",,,"",N,a,r,r,o,w,"",,,"",R,e,c,t,a,n,g,l,e,"",,,"",M,a,t,t,e, ,B,l,a,c,k,"",,,"",e,y,e,f,r,a,m,e,"",]"
LKST377,143223,1,1700,Blue Transparent Metal Blue Full Rim Rectangle Vincent Chase Blend Edit VC E13445-C1 Eyeglasses,Vincent Chase,https://static5.lenskart.com/media/catalog/product/pro/1/thumbnail/1080x1080/9df78eab33525d08d6e5fb8d27136e95//v/i/vincent-chase-vc-e13445-fm-recgle-act-meal-sen-c1-eyegl0sses_vincent-chase-vc-e13445-fm-recgle-act-meal-sen-c1-eyegl0sses_G_5142.jpg,Blend Edit,http://www.lenskart.com/vincent-chase-vincent-chase-vc-e13445-full-rim-rectangle-acetate-metal-sheen-c1-eyeglasses.html,Unisex,Cellulose Acetate,Full Rim,Narrow,Rectangle,Blue Transparent,eyeframe,2020-09-30,0.10000,0.14286,0,0,"[,"",V,i,n,c,e,n,t, ,C,h,a,s,e,"",,,"",B,l,e,n,d, ,E,d,i,t,"",,,"",U,n,i,s,e,x,"",,,"",C,e,l,l,u,l,o,s,e, ,A,c,e,t,a,t,e,"",,,"",F,u,l,l, ,R,i,m,"",,,"",N,a,r,r,o,w,"",,,"",R,e,c,t,a,n,g,l,e,"",,,"",B,l,u,e, ,T,r,a,n,s,p,a,r,e,n,t,"",,,"",e,y,e,f,r,a,m,e,"",]"
LKST377,146012,1,1700,Transparent Gold Full Rim Rectangle Lenskart Air Essentials LA E13517-C2 Eyeglasses,Lenskart Air,https://static5.lenskart.com/media/catalog/product/pro/1/thumbnail/1080x1080/9df78eab33525d08d6e5fb8d27136e95//l/i/transparent-gold-full-rim-rectangle-lenskart-air-essentials-la-e13517-c2-eyeglasses_lenskart-air-la-e13517-c2-eyeglasses_g_0394_2_1_05_july23.jpg,Air Essentials,http://www.lenskart.com/lenskart-air-la-e13517-c2-eyeglasses.html,Unisex,TR90,Full Rim,Medium,Rectangle,Transparent,eyeframe,2021-01-13,0.10000,0.00000,0,0,"[,"",L,e,n,s,k,a,r,t, ,A,i,r,"",,,"",A,i,r, ,E,s,s,e,n,t,i,a,l,s,"",,,"",U,n,i,s,e,x,"",,,"",T,R,9,0,"",,,"",F,u,l,l, ,R,i,m,"",,,"",M,e,d,i,u,m,"",,,"",R,e,c,t,a,n,g,l,e,"",,,"",T,r,a,n,s,p,a,r,e,n,t,"",,,"",e,y,e,f,r,a,m,e,"",]"
LKST377,146613,1,1700,Rose Gold Full Rim Geometric Vincent Chase SLEEK STEEL VC E13783-C1 Eyeglasses,Vincent Chase,https://static5.lenskart.com/media/catalog/product/pro/1/thumbnail/1080x1080/9df78eab33525d08d6e5fb8d27136e95//v/i/vincent-chase-vc-e13783-c1-eyeglasses_vincent-chase-vc-e13783-c1-eyeglasses_g_5970.jpg,SLEEK STEEL,http://www.lenskart.com/vincent-chase-vc-e13783-c1-eyeglasses.html,Unisex,Stainless Steel,Full Rim,Narrow,Geometric,Rose Gold,eyeframe,2021-03-09,0.10000,0.00000,973,0,"[,"",V,i,n,c,e,n,t, ,C,h,a,s,e,"",,,"",S,L,E,E,K, ,S,T,E,E,L,"",,,"",U,n,i,s,e,x,"",,,"",S,t,a,i,n,l,e,s,s, ,S,t,e,e,l,"",,,"",F,u,l,l, ,R,i,m,"",,,"",N,a,r,r,o,w,"",,,"",G,e,o,m,e,t,r,i,c,"",,,"",R,o,s,e, ,G,o,l,d,"",,,"",e,y,e,f,r,a,m,e,"",]"
LKST377,146653,1,1700,Matte Black Full Rim Rectangle Lenskart Air Flex LA E13776-C1 Eyeglasses,Lenskart Air,https://static5.lenskart.com/media/catalog/product/pro/1/thumbnail/1080x1080/9df78eab33525d08d6e5fb8d27136e95//l/e/lenskart-air-la-e13776-c1-eyeglasses_g_5347_1.jpg,Air Flex,http://www.lenskart.com/lenskar-air-la-e13776-c1-eyeglasses.html,Unisex,Ultem,Full Rim,Medium,Rectangle,Matte Black,eyeframe,2021-01-30,0.10000,0.14286,1094,0,"[,"",L,e,n,s,k,a,r,t, ,A,i,r,"",,,"",A,i,r, ,F,l,e,x,"",,,"",U,n,i,s,e,x,"",,,"",U,l,t,e,m,"",,,"",F,u,l,l, ,R,i,m,"",,,"",M,e,d,i,u,m,"",,,"",R,e,c,t,a,n,g,l,e,"",,,"",M,a,t,t,e, ,B,l,a,c,k,"",,,"",e,y,e,f,r,a,m,e,"",]"
LKST377,147097,2,2000,Gold Brown Half Rim Rectangle Lenskart Air Essentials LA E13852-C1 Eyeglasses,Lenskart Air,https://static5.lenskart.com/media/catalog/product/pro/1/thumbnail/1080x1080/9df78eab33525d08d6e5fb8d27136e95//l/i/gold-brown-half-rim-rectangle-lenskart-air-essentials-la-e13852-c1-eyeglasses_lenskart-air-la-e13852-c1-eyeglasses_g_2521_28july23.jpg,Air Essentials,http://www.lenskart.com/lenskart-air-la-e13852-c1-eyeglasses.html,Unisex,Stainless Steel,Half Rim,Medium,Rectangle,Gold,eyeframe,2021-09-06,0.10000,0.28571,747,0,"[,"",L,e,n,s,k,a,r,t, ,A,i,r,"",,,"",A,i,r, ,E,s,s,e,n,t,i,a,l,s,"",,,"",U,n,i,s,e,x,"",,,"",S,t,a,i,n,l,e,s,s, ,S,t,e,e,l,"",,,"",H,a,l,f, ,R,i,m,"",,,"",M,e,d,i,u,m,"",,,"",R,e,c,t,a,n,g,l,e,"",,,"",G,o,l,d,"",,,"",e,y,e,f,r,a,m,e,"",]"
LKST377,147940,1,1700,Black Gold Full Rim Rectangle Vincent Chase SLEEK STEEL VC E12395 XL C2 Eyeglasses,Vincent Chase,https://static5.lenskart.com/media/catalog/product/pro/1/thumbnail/1080x1080/9df78eab33525d08d6e5fb8d27136e95//v/i/vincent-chase-vc-e12395-xl-c2-full-rim-rectangle-eyeglasses_G_0290.jpg,SLEEK STEEL,http://www.lenskart.com/vincent-chase-vc-e12395-xl-c2-full-rim-rectangle-eyeglasses.html,Unisex,Stainless Steel,Full Rim,Wide,Rectangle,Black Gold,eyeframe,2021-09-02,0.10000,0.14286,0,0,"[,"",V,i,n,c,e,n,t, ,C,h,a,s,e,"",,,"",S,L,E,E,K, ,S,T,E,E,L,"",,,"",U,n,i,s,e,x,"",,,"",S,t,a,i,n,l,e,s,s, ,S,t,e,e,l,"",,,"",F,u,l,l, ,R,i,m,"",,,"",W,i,d,e,"",,,"",R,e,c,t,a,n,g,l,e,"",,,"",B,l,a,c,k, ,G,o,l,d,"",,,"",e,y,e,f,r,a,m,e,"",]"
LKST377,148910,3,2000,Black Grey Solid Full Rim Rectangle Square Vincent Chase The Metal Edit VC S14078-C1 Polarized Sunglasses,Vincent Chase Polarized,https://static5.lenskart.com/media/catalog/product/pro/1/thumbnail/1080x1080/9df78eab33525d08d6e5fb8d27136e95//v/i/black-grey-solid-full-rim-rectangle-square-vincent-chase-the-metal-edit-vc-s14078-c1-polarized-sunglasses_vincent-chase-vc-s14078-c1-c1-sunglasses_1_28july23.jpg,The Metal Edit,http://www.lenskart.com/vincent-chase-vc-s14078-c1-c1-sunglasses.html,Unisex,Stainless Steel,Full Rim,Medium,Rectangle/ Square,Black,sunglasses,2021-08-02,0.10000,0.00000,965,0,"[,"",V,i,n,c,e,n,t, ,C,h,a,s,e, ,P,o,l,a,r,i,z,e,d,"",,,"",T,h,e, ,M,e,t,a,l, ,E,d,i,t,"",,,"",U,n,i,s,e,x,"",,,"",S,t,a,i,n,l,e,s,s, ,S,t,e,e,l,"",,,"",F,u,l,l, ,R,i,m,"",,,"",M,e,d,i,u,m,"",,,"",R,e,c,t,a,n,g,l,e,/, ,S,q,u,a,r,e,"",,,"",B,l,a,c,k,"",,,"",s,u,n,g,l,a,s,s,e,s,"",]"
LKST377,149037,2,2000,Silver Black Full Rim Rectangle Square Vincent Chase The Metal Edit VC S13118 C1 Polarized Sunglasses,Vincent Chase Polarized,https://static5.lenskart.com/media/catalog/product/pro/1/thumbnail/1080x1080/9df78eab33525d08d6e5fb8d27136e95//v/i/silver-black-full-rim-rectangle-square-vincent-chase-the-metal-edit-vc-s13118-c1-polarized-sunglasses_vincent-chase-vc-s13118-c1-c1-sunglasses_sunglasses_g_8420_5july23.jpg,The Metal Edit,http://www.lenskart.com/vincent-chase-vc-s13118-c1-c1-sunglasses.html,Unisex,Stainless Steel,Full Rim,Wide,Rectangle/ Square,Silver,sunglasses,2021-08-18,0.10000,0.14286,1871,0,"[,"",V,i,n,c,e,n,t, ,C,h,a,s,e, ,P,o,l,a,r,i,z,e,d,"",,,"",T,h,e, ,M,e,t,a,l, ,E,d,i,t,"",,,"",U,n,i,s,e,x,"",,,"",S,t,a,i,n,l,e,s,s, ,S,t,e,e,l,"",,,"",F,u,l,l, ,R,i,m,"",,,"",W,i,d,e,"",,,"",R,e,c,t,a,n,g,l,e,/, ,S,q,u,a,r,e,"",,,"",S,i,l,v,e,r,"",,,"",s,u,n,g,l,a,s,s,e,s,"",]"
LKST377,149044,1,2000,Gold Brown Grey Full Rim Round Vincent Chase The Metal Edit VC S13137-C4 Sunglasses,Vincent Chase Polarized,https://static5.lenskart.com/media/catalog/product/pro/1/thumbnail/1080x1080/9df78eab33525d08d6e5fb8d27136e95//v/i/vincent-chase-vc-s13137-c4-c4-sunglasses_g_8692.jpg,The Metal Edit,http://www.lenskart.com/vincent-chase-vc-s13137-c4-c4-sunglasses.html,Unisex,Stainless Steel,Full Rim,Narrow,Round,Gold,sunglasses,2021-08-18,0.10000,0.00000,1078,0,"[,"",V,i,n,c,e,n,t, ,C,h,a,s,e, ,P,o,l,a,r,i,z,e,d,"",,,"",T,h,e, ,M,e,t,a,l, ,E,d,i,t,"",,,"",U,n,i,s,e,x,"",,,"",S,t,a,i,n,l,e,s,s, ,S,t,e,e,l,"",,,"",F,u,l,l, ,R,i,m,"",,,"",N,a,r,r,o,w,"",,,"",R,o,u,n,d,"",,,"",G,o,l,d,"",,,"",s,u,n,g,l,a,s,s,e,s,"",]"
LKST377,149138,1,3500,Silver Grey Full Rim Aviator John Jacobs Supreme Steel JJ E14123 C2 Eyeglasses-Roy,John Jacobs,https://static5.lenskart.com/media/catalog/product/pro/1/thumbnail/1080x1080/9df78eab33525d08d6e5fb8d27136e95//j/i/silver-grey-full-rim-aviator-john-jacobs-supreme-steel-jj-e14123-c2-eyeglasses_john-jacobs-jj-e14123-c2-c2-eyeglasses_g_1324_05_july23.jpg,Supreme Steel,http://www.lenskart.com/john-jacobs-jj-e14123-c2-c2-eyeglasses.html,Unisex,Stainless Steel,Full Rim,Medium,Aviator,Silver,eyeframe,2021-09-04,0.10000,0.28571,181,0,"[,"",J,o,h,n, ,J,a,c,o,b,s,"",,,"",S,u,p,r,e,m,e, ,S,t,e,e,l,"",,,"",U,n,i,s,e,x,"",,,"",S,t,a,i,n,l,e,s,s, ,S,t,e,e,l,"",,,"",F,u,l,l, ,R,i,m,"",,,"",M,e,d,i,u,m,"",,,"",A,v,i,a,t,o,r,"",,,"",S,i,l,v,e,r,"",,,"",e,y,e,f,r,a,m,e,"",]"
LKST377,149159,1,1700,Blue Full Rim Medium Vincent Chase Classic Acetate VC E13441-C4 Eyeglasses,Vincent Chase,https://static5.lenskart.com/media/catalog/product/pro/1/thumbnail/1080x1080/9df78eab33525d08d6e5fb8d27136e95//v/i/vincent-chase-vc-e13441-c4-c4-eyeglasses_G_0578.jpg,Classic Acetate,http://www.lenskart.com/vincent-chase-vc-e13441-c4-c4-eyeglasses.html,Unisex,Cellulose Acetate,Full Rim,Medium,Rectangle,Blue,eyeframe,2021-09-20,0.10000,0.00000,0,0,"[,"",V,i,n,c,e,n,t, ,C,h,a,s,e,"",,,"",C,l,a,s,s,i,c, ,A,c,e,t,a,t,e,"",,,"",U,n,i,s,e,x,"",,,"",C,e,l,l,u,l,o,s,e, ,A,c,e,t,a,t,e,"",,,"",F,u,l,l, ,R,i,m,"",,,"",M,e,d,i,u,m,"",,,"",R,e,c,t,a,n,g,l,e,"",,,"",B,l,u,e,"",,,"",e,y,e,f,r,a,m,e,"",]"
LKST377,150878,1,3500,Transparent Silver Blue Full Rim Rectangle John Jacobs TR Flex JJ E14416-C2 Eyeglasses-Skylar,John Jacobs,https://static5.lenskart.com/media/catalog/product/pro/1/thumbnail/1080x1080/9df78eab33525d08d6e5fb8d27136e95//j/i/transparent-silver-blue-full-rim-rectangle-john-jacobs-tr-flex-jj-e14416-c2-eyeglasses_g_7341_04_25_23.jpg,TR Flex,http://www.lenskart.com/john-jacobs-jj-e14416-c2-eyeglasses.html,Unisex,TR90,Full Rim,Medium,Rectangle,Transparent,eyeframe,2022-06-29,0.10000,0.00000,0,0,"[,"",J,o,h,n, ,J,a,c,o,b,s,"",,,"",T,R, ,F,l,e,x,"",,,"",U,n,i,s,e,x,"",,,"",T,R,9,0,"",,,"",F,u,l,l, ,R,i,m,"",,,"",M,e,d,i,u,m,"",,,"",R,e,c,t,a,n,g,l,e,"",,,"",T,r,a,n,s,p,a,r,e,n,t,"",,,"",e,y,e,f,r,a,m,e,"",]"
LKST377,151374,1,2000,Silver Black Full Rim Geometric Vincent Chase LIVEWIRE VC S14506-C2 Polarized Sunglasses,Vincent Chase,https://static5.lenskart.com/media/catalog/product/pro/1/thumbnail/1080x1080/9df78eab33525d08d6e5fb8d27136e95//v/i/Gold-Black-Full-Rim-Geometric-Vincent-Chase-LIVEWIRE-VC-S14506-C2-Polarized-Sunglasses_G_7269.jpg,LIVEWIRE,http://www.lenskart.com/vincent-chase-vc-s14506-c2-sunglasses.html,Unisex,Stainless Steel,Full Rim,Medium,Geometric,Silver,sunglasses,2022-02-07,0.10000,0.00000,437,0,"[,"",V,i,n,c,e,n,t, ,C,h,a,s,e,"",,,"",L,I,V,E,W,I,R,E,"",,,"",U,n,i,s,e,x,"",,,"",S,t,a,i,n,l,e,s,s, ,S,t,e,e,l,"",,,"",F,u,l,l, ,R,i,m,"",,,"",M,e,d,i,u,m,"",,,"",G,e,o,m,e,t,r,i,c,"",,,"",S,i,l,v,e,r,"",,,"",s,u,n,g,l,a,s,s,e,s,"",]"
